{"cameraMode":{"drawMode":0,"name":"Shaded","section":"Shading Mode"},"sceneLighting":false,"audioPlay":false,"sceneViewState":{"showFog":true,"showMaterialUpdate":false,"showSkybox":false,"showFlares":true,"showImageEffects":true,"showParticleSystems":true},"in2DMode":false,"pivot":{"x":1.9619970321655274,"y":3.631268262863159,"z":38.67513656616211},"rotation":{"x":-0.015307336114346981,"y":0.012594441883265973,"z":-0.00021480469149537385,"w":-0.9998371601104736},"size":87.92139434814453,"orthographic":false}